<?xml version="1.0" encoding="utf-8" ?>
<Defs>

    <PawnKindDef Name="ArachneHostileBase" Abstract="True">
        <race>Arachne</race>
        <defaultFactionType>ArachneMilitiaBase</defaultFactionType>
        <chemicalAddictionChance>0.1</chemicalAddictionChance>
        <invNutrition>2.55</invNutrition>
        <itemQuality>Normal</itemQuality>
        <backstoryCryptosleepCommonality>0.08</backstoryCryptosleepCommonality>
        <maxGenerationAge>65</maxGenerationAge>
        <combatEnhancingDrugsChance>0.15</combatEnhancingDrugsChance>
        <combatEnhancingDrugsCount>0~2</combatEnhancingDrugsCount>
        <biocodeWeaponChance>0.1</biocodeWeaponChance>
    </PawnKindDef>

    <!-- Low merc tier - grenadiers -->

    <PawnKindDef Abstract="True" Name="ArachneGrenadierBase" ParentName="ArachneHostileBase">
        <combatPower>65</combatPower>
        <gearHealthRange>0.7~2.3</gearHealthRange>
        <apparelTags>
            <li>IndustrialBasic</li>
            <li>IndustrialAdvanced</li>
            <li>IndustrialMilitaryBasic</li>
            <li>BeltDefensePop</li>
        </apparelTags>
        <apparelMoney>400~700</apparelMoney>
        <apparelAllowHeadgearChance>0.5</apparelAllowHeadgearChance>
        <weaponMoney>500~500</weaponMoney>
        <techHediffsChance>0.05</techHediffsChance>
        <techHediffsMoney>500~500</techHediffsMoney>
        <techHediffsTags>
            <li>Poor</li>
            <li>Simple</li>
            <li>ImplantEmpireCommon</li>
        </techHediffsTags>
        <inventoryOptions>
            <skipChance>0.9</skipChance>
            <subOptionsChooseOne>
                <li>
                    <thingDef>Silver</thingDef>
                    <countRange>50~200</countRange>
                </li>
                <li>
                    <thingDef>MedicineIndustrial</thingDef>
                    <countRange>1~1</countRange>
                </li>
            </subOptionsChooseOne>
        </inventoryOptions>
        <invFoodDef>MealSurvivalPack</invFoodDef>
    </PawnKindDef>

    <PawnKindDef ParentName="ArachneGrenadierBase">
        <defName>ArachneMilitia_Destructive</defName>
        <label>grenadier</label>
        <canBeSapper>true</canBeSapper>
        <weaponTags>
            <li>GrenadeDestructive</li>
        </weaponTags>
    </PawnKindDef>

    <PawnKindDef ParentName="ArachneGrenadierBase">
        <defName>ArachneMilitia_EMP</defName>
        <label>EMP grenadier</label>
        <weaponTags>
            <li>GrenadeEMP</li>
        </weaponTags>
    </PawnKindDef>

    <PawnKindDef ParentName="ArachneGrenadierBase">
        <defName>ArachneMilitia_Smoke</defName>
        <label>smoke grenadier</label>
        <weaponTags>
            <li>GrenadeSmoke</li>
        </weaponTags>
        <weaponMoney>400~400</weaponMoney>
    </PawnKindDef>

    <!-- Mid merc tier - gunner, slasher, sniper, heavy -->

    <PawnKindDef ParentName="ArachneHostileBase" Name="ArachneMidTierBase" Abstract="True">
        <techHediffsChance>0.15</techHediffsChance>
        <techHediffsMoney>700~1200</techHediffsMoney>
        <techHediffsTags>
            <li>Simple</li>
            <li>Advanced</li>
            <li>ImplantEmpireCommon</li>
        </techHediffsTags>
        <biocodeWeaponChance>0.2</biocodeWeaponChance>
    </PawnKindDef>

    <PawnKindDef ParentName="ArachneMidTierBase" Name="ArachneGunnerBase" Abstract="True">
        <label>militia</label>
        <combatPower>90</combatPower>
        <gearHealthRange>0.7~3.2</gearHealthRange>
        <apparelTags>
            <li>IndustrialBasic</li>
            <li>IndustrialAdvanced</li>
            <li>IndustrialMilitaryBasic</li>
            <li>IndustrialMilitaryAdvanced</li>
            <li>BeltDefensePop</li>
        </apparelTags>
        <apparelMoney>1000~1500</apparelMoney>
        <apparelAllowHeadgearChance>0.5</apparelAllowHeadgearChance>
        <weaponMoney>330~650</weaponMoney>
        <weaponTags>
            <li>Gun</li>
        </weaponTags>
        <combatEnhancingDrugsChance>0.05</combatEnhancingDrugsChance>
        <combatEnhancingDrugsCount>0~2</combatEnhancingDrugsCount>
        <inventoryOptions>
            <skipChance>0.8</skipChance>
            <subOptionsChooseOne>
                <li>
                    <thingDef>Silver</thingDef>
                    <countRange>50~200</countRange>
                </li>
                <li>
                    <thingDef>MedicineIndustrial</thingDef>
                    <countRange>1~1</countRange>
                </li>
            </subOptionsChooseOne>
        </inventoryOptions>
    </PawnKindDef>

    <PawnKindDef ParentName="ArachneGunnerBase">
        <defName>ArachneMilitia_Gunner</defName>
    </PawnKindDef>

    <PawnKindDef ParentName="ArachneGunnerBase">
        <defName>ArachneMilitia_Gunner_Acidifier</defName>
        <techHediffsRequired>
            <li>DeathAcidifier</li>
        </techHediffsRequired>
    </PawnKindDef>

    <PawnKindDef ParentName="ArachneMidTierBase" Name="ArachneSniperBase" Abstract="True">
        <label>militia sniper</label>
        <combatPower>110</combatPower>
        <gearHealthRange>0.7~3.2</gearHealthRange>
        <apparelTags>
            <li>IndustrialBasic</li>
            <li>IndustrialAdvanced</li>
            <li>IndustrialMilitaryBasic</li>
            <li>IndustrialMilitaryAdvanced</li>
        </apparelTags>
        <apparelMoney>1000~1500</apparelMoney>
        <apparelAllowHeadgearChance>0.5</apparelAllowHeadgearChance>
        <weaponMoney>600~600</weaponMoney>
        <weaponTags>
            <li>SniperRifle</li>
        </weaponTags>
        <inventoryOptions>
            <skipChance>0.8</skipChance>
            <subOptionsChooseOne>
                <li>
                    <thingDef>Silver</thingDef>
                    <countRange>50~200</countRange>
                </li>
                <li>
                    <thingDef>MedicineIndustrial</thingDef>
                    <countRange>1~1</countRange>
                </li>
            </subOptionsChooseOne>
        </inventoryOptions>
    </PawnKindDef>

    <PawnKindDef ParentName="ArachneSniperBase">
        <defName>ArachneMilitia_Sniper</defName>
    </PawnKindDef>

    <PawnKindDef ParentName="ArachneSniperBase">
        <defName>ArachneMilitia_Sniper_Acidifier</defName>
        <techHediffsRequired>
            <li>DeathAcidifier</li>
        </techHediffsRequired>
    </PawnKindDef>

    <PawnKindDef ParentName="ArachneMidTierBase" Name="ArachneSlasherBase" Abstract="True">
        <defName>ArachneMilitia_Slasher</defName>
        <label>militia slasher</label>
        <combatPower>150</combatPower>
        <canBeSapper>true</canBeSapper>
        <gearHealthRange>0.7~3.2</gearHealthRange>
        <apparelTags>
            <li>IndustrialBasic</li>
            <li>IndustrialAdvanced</li>
            <li>IndustrialMilitaryBasic</li>
            <li>IndustrialMilitaryAdvanced</li>
        </apparelTags>
        <apparelRequired>
            <li>Apparel_ShieldBelt</li>
        </apparelRequired>
        <apparelMoney>300~1400</apparelMoney>
        <apparelAllowHeadgearChance>0</apparelAllowHeadgearChance>
        <weaponMoney>200~500</weaponMoney>
        <weaponTags>
            <li>MedievalMeleeDecent</li>
            <li>MedievalMeleeAdvanced</li>
        </weaponTags>
        <inventoryOptions>
            <skipChance>0.8</skipChance>
            <subOptionsChooseOne>
                <li>
                    <thingDef>Silver</thingDef>
                    <countRange>180~400</countRange>
                </li>
                <li>
                    <thingDef>MedicineIndustrial</thingDef>
                    <countRange>1~2</countRange>
                </li>
            </subOptionsChooseOne>
        </inventoryOptions>
    </PawnKindDef>

    <PawnKindDef ParentName="ArachneSlasherBase">
        <defName>ArachneMilitia_Slasher</defName>
    </PawnKindDef>

    <PawnKindDef ParentName="ArachneSlasherBase">
        <defName>ArachneMilitia_Slasher_Acidifier</defName>
        <techHediffsRequired>
            <li>DeathAcidifier</li>
        </techHediffsRequired>
    </PawnKindDef>

    <PawnKindDef ParentName="ArachneMidTierBase">
        <defName>ArachneMilitia_Heavy</defName>
        <label>heavy mercenary</label>
        <labelPlural>heavy mercenaries</labelPlural>
        <combatPower>150</combatPower>
        <gearHealthRange>0.7~3.2</gearHealthRange>
        <apparelTags>
            <li>IndustrialBasic</li>
            <li>IndustrialAdvanced</li>
            <li>IndustrialMilitaryBasic</li>
            <li>IndustrialMilitaryAdvanced</li>
            <li>BeltDefensePop</li>
        </apparelTags>
        <apparelMoney>200~350</apparelMoney>
        <apparelAllowHeadgearChance>0.5</apparelAllowHeadgearChance>
        <weaponMoney>1200~1200</weaponMoney>
        <weaponTags>
            <li>GunHeavy</li>
            <li>GunSingleUse</li>
        </weaponTags>
    </PawnKindDef>

    <!-- Elite tier - merc elite, pirate boss -->

    <PawnKindDef Abstract="True" Name="ArachneEliteTierBase" ParentName="ArachneHostileBase">
        <combatPower>150</combatPower>
        <maxGenerationAge>45</maxGenerationAge>
        <backstoryCryptosleepCommonality>0.25</backstoryCryptosleepCommonality>
        <gearHealthRange>1~1</gearHealthRange>
        <apparelTags>
            <li>IndustrialBasic</li>
            <li>IndustrialAdvanced</li>
            <li>IndustrialMilitaryBasic</li>
            <li>IndustrialMilitaryAdvanced</li>
            <li>SpacerMilitary</li>
            <li>BeltDefensePop</li>
        </apparelTags>
        <apparelMoney>2500~3500</apparelMoney>
        <apparelAllowHeadgearChance>0.9</apparelAllowHeadgearChance>
        <weaponMoney>500~1400</weaponMoney>
        <weaponTags>
            <li>IndustrialGunAdvanced</li>
        </weaponTags>
        <techHediffsMoney>1000~1200</techHediffsMoney>
        <techHediffsTags>
            <li>Advanced</li>
            <li>ImplantEmpireCommon</li>
        </techHediffsTags>
        <techHediffsChance>0.35</techHediffsChance>
        <combatEnhancingDrugsChance>0.80</combatEnhancingDrugsChance>
        <combatEnhancingDrugsCount>1~2</combatEnhancingDrugsCount>
        <biocodeWeaponChance>0.3</biocodeWeaponChance>
    </PawnKindDef>

    <PawnKindDef ParentName="ArachneEliteTierBase">
        <defName>ArachneMilitia_Elite</defName>
        <label>elite</label>
        <labelPlural>elite</labelPlural>
        <factionLeader>true</factionLeader>
        <baseRecruitDifficulty>0.90</baseRecruitDifficulty>
        <canBeSapper>true</canBeSapper>
        <inventoryOptions>
            <skipChance>0.8</skipChance>
            <subOptionsChooseOne>
                <li>
                    <thingDef>Silver</thingDef>
                    <countRange>50~200</countRange>
                </li>
            </subOptionsChooseOne>
        </inventoryOptions>
    </PawnKindDef>

    <PawnKindDef ParentName="ArachneEliteTierBase" Name="ArachneEliteBase" Abstract="True">
        <label>elite team</label>
        <labelPlural>elite team</labelPlural>
        <inventoryOptions>
            <skipChance>0.8</skipChance>
            <subOptionsChooseOne>
                <li>
                    <thingDef>MedicineIndustrial</thingDef>
                    <countRange>1~2</countRange>
                </li>
            </subOptionsChooseOne>
        </inventoryOptions>
    </PawnKindDef>

    <PawnKindDef ParentName="ArachneEliteBase">
        <defName>ArachneMilitia_Assassin</defName>
        <techHediffsRequired>
            <li>DeathAcidifier</li>
        </techHediffsRequired>
        <apparelTags>
            <li>BeltDefensePop</li>
            <li>Arachne_AssassinArmor</li>
        </apparelTags>
        <apparelRequired>
            <li>Arachne_Power_Armor</li>
            <li>Arachne_Power_Helmet</li>
        </apparelRequired>
    </PawnKindDef>

    <PawnKindDef ParentName="ArachneEliteBase">
        <defName>ArachneMilitia_Assault</defName>
        <techHediffsRequired>
            <li>DeathAcidifier</li>
        </techHediffsRequired>
        <apparelTags>
            <li>BeltDefensePop</li>
            <li>Arachne_ScoutArmor</li>
        </apparelTags>
        <apparelRequired>
            <li>Arachne_Scout_Armor</li>
            <li>Arachne_Scout_Helmet</li>
        </apparelRequired>
    </PawnKindDef>

</Defs>
