<?xml version="1.0" encoding="utf-8" ?>
<Defs>
  <PawnKindDef Abstract="True" Name="BaseArachnePawnKind">
    <race>Arachne</race>
    <minGenerationAge>18</minGenerationAge>
    <maxGenerationAge>80</maxGenerationAge>
    <combatPower>30</combatPower>
    <baseRecruitDifficulty>0.80</baseRecruitDifficulty>
    <apparelIgnoreSeasons>true</apparelIgnoreSeasons>
    <forceNormalGearQuality>true</forceNormalGearQuality>
    <isFighter>false</isFighter>
    <apparelAllowHeadgearChance>0</apparelAllowHeadgearChance>
  </PawnKindDef>
  <PawnKindDef ParentName="BaseArachnePawnKind">
    <defName>Arachne</defName>
    <label>colonist</label>
    <defaultFactionType>ArachnePlayerColony</defaultFactionType>
    <backstoryCategories>
      <li>Civil</li>
      <li>Raider</li>
    </backstoryCategories>
    <apparelTags>
      <li>Arachne_BattleArmor</li>
    </apparelTags>
    <apparelRequired>
      <li>Arachne_Armor</li>
    </apparelRequired>
    <apparelMoney>
      <min>1000</min>
      <max>2000</max>
    </apparelMoney>
    <weaponMoney>
      <min>0</min>
      <max>0</max>
    </weaponMoney>
    <techHediffsMoney>
      <min>0</min>
      <max>0</max>
    </techHediffsMoney>
    <techHediffsTags>
      <li>Advanced</li>
    </techHediffsTags>
    <backstoryCryptosleepCommonality>1</backstoryCryptosleepCommonality>
  </PawnKindDef>


  <!-- ============================ Arachne Base ========================== -->

  <PawnKindDef Name="ArachneBase" Abstract="True">
    <defaultFactionType>ArachneColony</defaultFactionType>
    <race>Arachne</race>
    <backstoryCategories>
      <li>Civil</li>
    </backstoryCategories>
    <chemicalAddictionChance>0.005</chemicalAddictionChance>
    <baseRecruitDifficulty>0.96</baseRecruitDifficulty>
    <apparelAllowHeadgearChance>0.5</apparelAllowHeadgearChance>
  </PawnKindDef>

  <!-- ============================ Arachne Civilian Base ========================== -->

  <PawnKindDef Name="ArachneCivBase" ParentName="ArachneBase" Abstract="True">
    <combatPower>25</combatPower>
    <race>Arachne</race>
    <itemQuality>Normal</itemQuality>
    <isFighter>true</isFighter>
    <gearHealthRange>
      <min>0.2</min>
      <max>2.0</max>
    </gearHealthRange>
    <apparelMoney>
      <min>8000</min>
      <max>16000</max>
    </apparelMoney>
    <weaponMoney>
      <min>8000</min>
      <max>10000</max>
    </weaponMoney>
    <techHediffsMoney>
      <min>800</min>
      <max>2000</max>
    </techHediffsMoney>
    <techHediffsTags>
      <li>Advanced</li>
    </techHediffsTags>
    <techHediffsChance>0.51</techHediffsChance>
    <invNutrition>2.55</invNutrition>
    <invFoodDef>MealSurvivalPack</invFoodDef>
    <inventoryOptions>
      <skipChance>0.75</skipChance>
      <subOptionsChooseOne>
        <li>
          <choiceChance>90</choiceChance>
          <thingDef>Silver</thingDef>
          <countRange>
            <min>25</min>
            <max>70</max>
          </countRange>
        </li>
        <li>
          <choiceChance>10</choiceChance>
          <thingDef>Silver</thingDef>
          <countRange>
            <min>300</min>
            <max>700</max>
          </countRange>
        </li>
      </subOptionsChooseOne>
    </inventoryOptions>
  </PawnKindDef>

  <!-- ============================ Arachne Civilians ========================== -->

  <PawnKindDef ParentName="ArachneCivBase">
    <defName>ArachneColonist</defName>
    <label>colonist</label>
    <combatPower>30</combatPower>
    <minGenerationAge>48</minGenerationAge>
    <maxGenerationAge>150</maxGenerationAge>
    <invNutrition>2.55</invNutrition>
    <invFoodDef>MealSurvivalPack</invFoodDef>
    <weaponMoney>
      <min>4200</min>
      <max>10000</max>
    </weaponMoney>
    <apparelTags>
      <li>Outlander</li>
      <li>IndustrialBasic</li>
      <li>IndustrialAdvanced</li>
    </apparelTags>
    <weaponTags>
      <li>IndustrialGunAdvanced</li>
      <li>SpacerGun</li>
      <li>MedievalMeleeAdvanced</li>
    </weaponTags>
  </PawnKindDef>

  <PawnKindDef ParentName="ArachneCivBase">
    <defName>ArachneSettler</defName>
    <label>settler</label>
    <combatPower>80</combatPower>
    <labelPlural>settlers</labelPlural>
    <minGenerationAge>150</minGenerationAge>
    <maxGenerationAge>200</maxGenerationAge>
    <invNutrition>2.55</invNutrition>
    <factionLeader>true</factionLeader>
    <invFoodDef>MealSurvivalPack</invFoodDef>
    <apparelTags>
      <li>BeltDefensePop</li>
      <li>Outlander</li>
      <li>IndustrialBasic</li>
      <li>IndustrialAdvanced</li>
    </apparelTags>
    <apparelMoney>
      <min>10000</min>
      <max>30000</max>
    </apparelMoney>
    <weaponTags>
      <li>SimpleGun</li>
      <li>Revolver</li>
    </weaponTags>
    <weaponMoney>
      <min>5000</min>
      <max>15000</max>
    </weaponMoney>
  </PawnKindDef>

  <PawnKindDef ParentName="ArachneCivBase">
    <defName>ArachneTrader</defName>
    <label>trader</label>
    <trader>true</trader>
    <combatPower>70</combatPower>
    <invNutrition>2.55</invNutrition>
    <invFoodDef>MealSurvivalPack</invFoodDef>
    <weaponMoney>
      <min>2200</min>
      <max>5200</max>
    </weaponMoney>
    <apparelTags>
      <li>Arachne_BattleArmor</li>
      <li>Military</li>
      <li>IndustrialBasic</li>
      <li>IndustrialAdvanced</li>
      <li>IndustrialMilitaryBasic</li>
      <li>IndustrialMilitaryAdvanced</li>
      <li>Outlander</li>
    </apparelTags>
    <weaponTags>
      <li>ArachneWeapon</li>
      <li>IndustrialGunAdvanced</li>
      <li>SpacerGun</li>
    </weaponTags>
  </PawnKindDef>

  <PawnKindDef ParentName="ArachneCivBase">
    <defName>ArachneSlave</defName>
    <label>slave</label>
    <combatPower>25</combatPower>
    <invNutrition>2.55</invNutrition>
    <invFoodDef>MealSurvivalPack</invFoodDef>
    <apparelMoney>
      <min>200</min>
      <max>300</max>
    </apparelMoney>
    <weaponMoney>
      <min>0</min>
      <max>0</max>
    </weaponMoney>
  </PawnKindDef>

  <PawnKindDef ParentName="ArachneCivBase">
    <defName>ArachneDefector</defName>
    <label>defector</label>
    <combatPower>25</combatPower>
    <invNutrition>2.55</invNutrition>
    <invFoodDef>MealSurvivalPack</invFoodDef>
    <apparelMoney>
      <min>300</min>
      <max>500</max>
    </apparelMoney>
    <weaponMoney>
      <min>200</min>
      <max>500</max>
    </weaponMoney>
    <weaponTags>
      <li>MedievalMeleeAdvanced</li>
      <li>MedievalMeleeDecent</li>
    </weaponTags>
  </PawnKindDef>

  <PawnKindDef ParentName="ArachneCivBase">
    <defName>ArachneRefugee</defName>
    <label>refugee</label>
    <combatPower>25</combatPower>
    <invNutrition>2.55</invNutrition>
    <invFoodDef>MealSurvivalPack</invFoodDef>
    <weaponMoney>
      <min>300</min>
      <max>800</max>
    </weaponMoney>
    <weaponTags>
      <li>ArachneSword</li>
    </weaponTags>
  </PawnKindDef>

  <!-- ============================ Arachne Soldier ========================== -->

  <PawnKindDef ParentName="ArachneCivBase">
    <defName>ArachneSoldier</defName>
    <label>soldier</label>
    <combatPower>120</combatPower>
    <maxGenerationAge>150</maxGenerationAge>
    <itemQuality>Excellent</itemQuality>
    <gearHealthRange>
      <min>0.5</min>
      <max>1.8</max>
    </gearHealthRange>
    <apparelTags>
      <li>Arachne_BattleArmor</li>
    </apparelTags>
    <apparelRequired>
      <li>Arachne_Armor</li>
      <li>Arachne_Armor_Helmet</li>
    </apparelRequired>
    <weaponTags>
      <li>ArachneWeapon</li>
      <li>ArachneSword</li>
    </weaponTags>
    <apparelMoney>
      <min>10000</min>
      <max>30000</max>
    </apparelMoney>
    <apparelAllowHeadgearChance>0.9</apparelAllowHeadgearChance>
    <weaponMoney>
      <min>10000</min>
      <max>40000</max>
    </weaponMoney>
    <techHediffsMoney>
      <min>4000</min>
      <max>10000</max>
    </techHediffsMoney>
    <techHediffsTags>
      <li>Advanced</li>
    </techHediffsTags>
    <techHediffsChance>0.20</techHediffsChance>
    <invNutrition>2.55</invNutrition>
    <invFoodDef>MealSurvivalPack</invFoodDef>
    <inventoryOptions>
      <skipChance>0.95</skipChance>
      <subOptionsChooseOne>
        <li>
          <thingDef>Silver</thingDef>
          <countRange>
            <min>30</min>
            <max>100</max>
          </countRange>
        </li>
        <li>
          <thingDef>MedicineIndustrial</thingDef>
          <countRange>
            <min>1</min>
            <max>1</max>
          </countRange>
        </li>
      </subOptionsChooseOne>
    </inventoryOptions>
  </PawnKindDef>


  <!-- ============================ Arachne Milita Base ========================== -->

  <PawnKindDef Name="ArachneMilBase" ParentName="ArachneBase" Abstract="True">
    <defaultFactionType>ArachneMilitiaBase</defaultFactionType>
    <chemicalAddictionChance>0</chemicalAddictionChance>
    <isFighter>true</isFighter>
    <race>Arachne</race>
    <invNutrition>2.55</invNutrition>
    <invFoodDef>MealSurvivalPack</invFoodDef>
    <itemQuality>Normal</itemQuality>
    <minGenerationAge>30</minGenerationAge>
    <maxGenerationAge>200</maxGenerationAge>
    <backstoryCategories>
      <li>Raider</li>
    </backstoryCategories>
    <gearHealthRange>
      <min>0.7</min>
      <max>2.3</max>
    </gearHealthRange>
    <apparelMoney>
      <min>7500</min>
      <max>35000</max>
    </apparelMoney>
    <apparelTags>
      <li>Outlander</li>
      <li>Military</li>
      <li>IndustrialMilitaryBasic</li>
      <li>IndustrialAdvanced</li>
    </apparelTags>
    <weaponMoney>
      <min>5000</min>
      <max>35000</max>
    </weaponMoney>
    <techHediffsMoney>
      <min>1200</min>
      <max>15000</max>
    </techHediffsMoney>
    <inventoryOptions>
      <skipChance>0.8</skipChance>
      <subOptionsChooseOne>
        <li>
          <thingDef>Silver</thingDef>
          <countRange>
            <min>50</min>
            <max>200</max>
          </countRange>
        </li>
        <li>
          <thingDef>MedicineIndustrial</thingDef>
          <countRange>
            <min>1</min>
            <max>1</max>
          </countRange>
        </li>
      </subOptionsChooseOne>
    </inventoryOptions>
  </PawnKindDef>

  <!-- ============================ Arachne Military ========================== -->

  <PawnKindDef ParentName="ArachneMilBase">
    <defName>ArachneElite</defName>
    <label>elite</label>
    <combatPower>220</combatPower>
    <minGenerationAge>120</minGenerationAge>
    <invNutrition>2.55</invNutrition>
    <invFoodDef>MealSurvivalPack</invFoodDef>
    <factionLeader>true</factionLeader>
    <apparelAllowHeadgearChance>1</apparelAllowHeadgearChance>
    <itemQuality>Excellent</itemQuality>
    <apparelTags>
      <li>BeltDefensePop</li>
      <li>Military</li>
      <li>IndustrialAdvanced</li>
      <li>IndustrialMilitaryAdvanced</li>
      <li>SpacerMilitary</li>
    </apparelTags>
    <apparelMoney>
      <min>10000</min>
      <max>30000</max>
    </apparelMoney>
    <weaponMoney>
      <min>10000</min>
      <max>30000</max>
    </weaponMoney>
    <weaponTags>
      <li>IndustrialGunAdvanced</li>
      <li>SpacerGun</li>
      <li>GunHeavy</li>
    </weaponTags>
    <inventoryOptions>
      <subOptionsChooseOne>
        <li>
          <thingDef>Silver</thingDef>
          <countRange>
            <min>100</min>
            <max>150</max>
          </countRange>
        </li>
        <li>
          <thingDef>MedicineIndustrial</thingDef>
          <countRange>
            <min>1</min>
            <max>1</max>
          </countRange>
        </li>
      </subOptionsChooseOne>
    </inventoryOptions>
    <combatEnhancingDrugsCount>
      <min>1</min>
      <max>2</max>
    </combatEnhancingDrugsCount>
  </PawnKindDef>

  <PawnKindDef ParentName="ArachneMilBase">
    <defName>ArachneMilitia</defName>
    <label>militia</label>
    <combatPower>60</combatPower>
    <minGenerationAge>18</minGenerationAge>
    <invNutrition>2.55</invNutrition>
    <invFoodDef>MealSurvivalPack</invFoodDef>
    <itemQuality>Awful</itemQuality>
    <apparelAllowHeadgearChance>0.4</apparelAllowHeadgearChance>
    <gearHealthRange>
      <min>0.7</min>
      <max>2.3</max>
    </gearHealthRange>
    <apparelTags>
      <li>BeltDefensePop</li>
      <li>Military</li>
      <li>IndustrialAdvanced</li>
      <li>IndustrialMilitaryBasic</li>
      <li>IndustrialMilitaryAdvanced</li>
    </apparelTags>
    <apparelMoney>
      <min>2500</min>
      <max>20000</max>
    </apparelMoney>
    <weaponMoney>
      <min>2400</min>
      <max>25000</max>
    </weaponMoney>
    <weaponTags>
      <li>IndustrialGunAdvanced</li>
      <li>GrenadeDestructive</li>
      <li>MedievalMeleeAdvanced</li>
      <li>SimpleGun</li>
    </weaponTags>
    <techHediffsMoney>
      <min>1000</min>
      <max>10000</max>
    </techHediffsMoney>
    <combatEnhancingDrugsCount>
      <min>0</min>
      <max>2</max>
    </combatEnhancingDrugsCount>
    <techHediffsTags>
      <li>Advanced</li>
    </techHediffsTags>
    <techHediffsChance>0.73</techHediffsChance>
    <inventoryOptions>
      <skipChance>0.8</skipChance>
      <subOptionsChooseOne>
        <li>
          <thingDef>Silver</thingDef>
          <countRange>
            <min>50</min>
            <max>200</max>
          </countRange>
        </li>
        <li>
          <thingDef>MedicineIndustrial</thingDef>
          <countRange>
            <min>1</min>
            <max>1</max>
          </countRange>
        </li>
      </subOptionsChooseOne>
    </inventoryOptions>
  </PawnKindDef>

  <PawnKindDef ParentName="ArachneMilBase">
    <defName>ArachneAssault</defName>
    <label>assault team</label>
    <combatPower>190</combatPower>
    <minGenerationAge>85</minGenerationAge>
    <invNutrition>2.55</invNutrition>
    <invFoodDef>MealSurvivalPack</invFoodDef>
    <itemQuality>Normal</itemQuality>
    <gearHealthRange>
      <min>2</min>
      <max>3</max>
    </gearHealthRange>
    <apparelTags>
      <li>BeltDefensePop</li>
      <li>Military</li>
      <li>IndustrialAdvanced</li>
      <li>IndustrialMilitaryBasic</li>
      <li>IndustrialMilitaryAdvanced</li>
      <li>SpacerMilitary</li>
    </apparelTags>
    <apparelMoney>
      <min>3000</min>
      <max>26000</max>
    </apparelMoney>
    <apparelAllowHeadgearChance>0.6</apparelAllowHeadgearChance>
    <weaponMoney>
      <min>3400</min>
      <max>28000</max>
    </weaponMoney>
    <weaponTags>
      <li>IndustrialGunAdvanced</li>
      <li>SpacerGun</li>
      <li>GunHeavy</li>
      <li>MedievalMeleeAdvanced</li>
    </weaponTags>
    <techHediffsMoney>
      <min>2000</min>
      <max>10000</max>
    </techHediffsMoney>
    <techHediffsTags>
      <li>Advanced</li>
    </techHediffsTags>
    <techHediffsChance>0.88</techHediffsChance>
    <inventoryOptions>
      <skipChance>0.8</skipChance>
      <subOptionsChooseOne>
        <li>
          <thingDef>Silver</thingDef>
          <countRange>
            <min>180</min>
            <max>400</max>
          </countRange>
        </li>
        <li>
          <thingDef>MedicineIndustrial</thingDef>
          <countRange>
            <min>1</min>
            <max>2</max>
          </countRange>
        </li>
      </subOptionsChooseOne>
    </inventoryOptions>
  </PawnKindDef>

  <PawnKindDef ParentName="ArachneMilBase">
    <defName>ArachneAssassin</defName>
    <label>assassin</label>
    <combatPower>220</combatPower>
    <minGenerationAge>160</minGenerationAge>
    <invNutrition>2.55</invNutrition>
    <invFoodDef>MealSurvivalPack</invFoodDef>
    <itemQuality>Good</itemQuality>
    <gearHealthRange>
      <min>2</min>
      <max>4</max>
    </gearHealthRange>
    <apparelTags>
      <li>BeltDefensePop</li>
      <li>Arachne_AssassinArmor</li>
    </apparelTags>
    <apparelRequired>
      <li>Arachne_Power_Armor</li>
      <li>Arachne_Power_Helmet</li>
    </apparelRequired>
    <apparelMoney>
      <min>7500</min>
      <max>42000</max>
    </apparelMoney>
    <apparelAllowHeadgearChance>0.9</apparelAllowHeadgearChance>
    <weaponMoney>
      <min>7500</min>
      <max>45000</max>
    </weaponMoney>
    <weaponTags>
      <li>ArachneWeapon</li>
      <li>ArachneSword</li>
    </weaponTags>
    <techHediffsMoney>
      <min>15000</min>
      <max>45000</max>
    </techHediffsMoney>
    <techHediffsTags>
      <li>Advanced</li>
    </techHediffsTags>
    <techHediffsChance>0.80</techHediffsChance>
    <inventoryOptions>
      <skipChance>0.8</skipChance>
      <subOptionsChooseOne>
        <li>
          <thingDef>Silver</thingDef>
          <countRange>
            <min>120</min>
            <max>480</max>
          </countRange>
        </li>
        <li>
          <thingDef>MedicineIndustrial</thingDef>
          <countRange>
            <min>1</min>
            <max>2</max>
          </countRange>
        </li>
      </subOptionsChooseOne>
    </inventoryOptions>
  </PawnKindDef>

</Defs>
