<?xml version="1.0" encoding="utf-8" ?>
<Patch>
    <Operation Class="PatchOperationSequence">
        <success>Normal</success>
        <operations>
            <li Class="PatchOperationAdd">
                <xpath>/Defs/AlienRace.ThingDef_AlienRace[defName="Arachne"]/race/hediffGiverSets</xpath>
                <value>
                        <li>Arachne_BloodDripping_HediffGiverSet</li>
                        <li>Arachne_Stain_Footprint_HediffGiverSet</li>
                </value>
            </li>
            <li Class="PatchOperationInsert">
                <xpath>/Defs/AlienRace.ThingDef_AlienRace[defName="Arachne"]/race/body</xpath>
                <value>
                    <deathActionWorkerClass>BloodDripping.DeathActionWorker_BloodPuddle</deathActionWorkerClass>
                </value>
            </li>
        </operations>
    </Operation>
</Patch>