<?xml version="1.0" encoding="utf-8" ?>
<Defs>
  <AlienRace.RaceSettings>
    <defName>Arachne_Racesetting</defName>
    <pawnKindSettings>
      <alienslavekinds>
        <li>
          <kindDefs>
            <li>Arachne_Settler</li>
            <li>Arachne_Colonist</li>
          </kindDefs>
          <chance>10.0</chance>
        </li>
      </alienslavekinds>
      <alienrefugeekinds>
        <li>
          <kindDefs>
            <li>Arachne_Settler</li>
          </kindDefs>
          <chance>10.0</chance>
        </li>
      </alienrefugeekinds>
      <startingColonists>
        <li>
          <pawnKindEntries>
            <li>
              <kindDefs>
                <li>Arachne_Settler</li>
              </kindDefs>
              <chance>15.0</chance>
            </li>
          </pawnKindEntries>
          <factionDefs>
            <li>ArachnePlayerColony</li>
          </factionDefs>
        </li>
      </startingColonists>
      <alienwandererkinds>
        <li>
          <pawnKindEntries>
            <li>
              <kindDefs>
                <li>Arachne_Settler</li>
                <li>Arachne_Colonist</li>
                <li>Arachne_Soldier</li>
              </kindDefs>
              <chance>10.0</chance>
            </li>
          </pawnKindEntries>
          <factionDefs>
            <li>ArachnePlayerColony</li>
          </factionDefs>
        </li>
      </alienwandererkinds>
    </pawnKindSettings>
  </AlienRace.RaceSettings>
</Defs>